{"rewards_per_episode": [-98.19999999999999, -98.22, -121.53900000000002, -65.5975, -59.513, -29.839000000000013, -120.621, -99.31899999999999, -108.101, -88.32300000000001, -71.16000000000001, -94.31400000000001, -66.12399999999997, -102.9015, -38.92999999999995, -61.186, -71.557, -61.006499999999996, -54.93500000000001, -85.5385, -120.85399999999998, -74.46350000000001, -100.50200000000001, -82.8905, -100.158, -48.36349999999999, -119.614, -144.129, -108.826, -63.3545, -100.625, -91.34400000000001, -55.20899999999999, -93.31550000000003, -82.65899999999999, -105.34100000000001, -135.951, -170.637, -131.09300000000002, -178.17800000000005, -149.08599999999998, -78.92599999999999, -118.397, -152.01799999999997, -135.899, -128.138, -136.5975, -125.256, -57.9215, -75.797, -53.89349999999999, 28.41799999999995, -57.93100000000001, -101.378, -71.08850000000001, -75.544, -134.39499999999998, -106.565, -87.652, -85.36600000000001, -93.748, -101.60499999999999, -105.502, -106.228, -63.311499999999995, -84.78299999999999, -105.56599999999999, -76.899, -137.042, -85.34100000000001, -93.964, -122.084, -38.6915, -92.99300000000001, -57.916500000000006, -88.402, -129.596, -94.382, -81.22650000000002, -76.858, -1402.1635000000028], "actor_loss_per_episode": [252.96896362304688, 252.97463989257812, -41.712852478027344, -50.41042709350586, -31.391170501708984, -45.68918991088867, -22.806360244750977, -49.825565338134766, -12.114677429199219, -59.1000862121582, -8.414748191833496, 35.07517623901367, -24.05585479736328, -16.772401809692383, 42.972068786621094, -21.692501068115234, 11.828479766845703, -13.431492805480957, 19.9378604888916, -6.160747528076172, -10.318228721618652, 35.70564651489258, 52.833805084228516, 32.34040069580078, 14.866175651550293, -25.25962257385254, 37.10098648071289, 41.51509094238281, 44.82380676269531, -60.082881927490234, 314.69378662109375, -79.54542541503906, -33.33518600463867, -19.00392723083496, -30.201255798339844, 28.905261993408203, 21.795032501220703, 28.273170471191406, 45.92808151245117, 14.359408378601074, -9.932443618774414, -44.600582122802734, -20.636947631835938, 48.28127670288086, 25.465118408203125, -39.94830322265625, 26.37999725341797, -48.72550964355469, -46.187217712402344, -46.83962631225586, -43.363887786865234, 15.793828010559082, 20.458694458007812, 48.227134704589844, -22.55394172668457, 16.5158634185791, 46.255428314208984, 7.062201976776123, -2.7974841594696045, -32.03368377685547, 69.03531646728516, 252.96719360351562, 5.137660980224609, -41.038814544677734, -69.10350036621094, 7.442775726318359, -4.564545154571533, -16.419891357421875, 37.918121337890625, 12.989967346191406, -37.84934616088867, 13.61368179321289, -35.17500305175781, -69.0813217163086, -68.37122344970703, 67.12648010253906, 36.69657516479492, -19.772565841674805, 12.046557426452637, 38.782066345214844, 1.8884990215301514], "critic_loss_per_episode": [1481.29931640625, 145.38465881347656, 798.2472534179688, 66.6333236694336, 451.9132385253906, 745.9786376953125, 33.91990661621094, 79.36145782470703, 121.87904357910156, 62.247352600097656, 219.7075958251953, 226.63168334960938, 186.4521026611328, 75.45170593261719, 123.08782196044922, 169.90501403808594, 327.8981018066406, 185.97116088867188, 488.5084533691406, 95.60212707519531, 126.07456970214844, 217.98104858398438, 142.5518341064453, 113.85235595703125, 179.69883728027344, 328.623291015625, 53.16427993774414, 81.37296295166016, 13.417695045471191, 365.6304626464844, 320.8390197753906, 261.2706604003906, 46.07582092285156, 535.4254150390625, 223.24285888671875, 103.74848937988281, 208.734619140625, 156.50401306152344, 162.5196075439453, 324.9716796875, 351.601806640625, 640.28076171875, 36.407798767089844, 198.18540954589844, 43.19771194458008, 223.5095672607422, 109.10566711425781, 308.93389892578125, 172.35848999023438, 46.670013427734375, 159.6134490966797, 158.7696533203125, 231.4658660888672, 102.0110855102539, 179.49356079101562, 100.79901885986328, 38.618919372558594, 10.913037300109863, 10.326773643493652, 159.9569854736328, 35.07002258300781, 105.77407836914062, 375.0655212402344, 247.25418090820312, 179.4999542236328, 86.45951080322266, 15.546507835388184, 21.900123596191406, 42.81315612792969, 30.551029205322266, 230.28302001953125, 36.230201721191406, 128.2731475830078, 144.5261688232422, 280.4007568359375, 136.29322814941406, 48.33054733276367, 47.566200256347656, 86.2021713256836, 152.9417724609375, 212.62596130371094]}